pattern_type,threshold,time,num_of_patterns
closed,7.000000,6084,579
closed,8.000000,1097,419
closed,9.000000,275,334
closed,10.000000,82,277
closed,11.000000,23,231
closed,12.000000,6,201
closed,13.000000,3,187
closed,14.000000,1,168
closed,15.000000,1,151
maximal,8.000000,2370,419
maximal,9.000000,564,334
maximal,10.000000,176,277
maximal,11.000000,55,231
maximal,12.000000,20,201
maximal,13.000000,13,187
maximal,14.000000,7,168
maximal,15.000000,6,151
